{
  "mean_reduction_pct": 9.187869018348186,
  "ci95_lo": 9.170497750615924,
  "ci95_hi": 9.205240286080448,
  "p_value": 0.0
}