seed,linear_kwh,nonlinear_kwh,delta_pct
0,17.801231203007525,17.532729085355815,1.5083345336604967
1,17.808999060150384,17.538260187319207,1.5202363249992306
2,17.451458333333342,17.186929302113366,1.5157990018215788
3,17.84901785714287,17.57912645904521,1.5120798256675692
4,17.578314536340862,17.310952269826863,1.5209778273182124
