seed,energy_fixed_kwh,energy_mpc_kwh,cost_fixed_eur,cost_mpc_eur,energy_saving_pct,cost_saving_pct
0,19.575943354307913,17.776143534215148,2.4245662405921005,2.2015064268019486,9.193936596147223,9.199988437341215
1,19.57599677020177,17.78402044823164,2.425190971910454,2.2031362618398145,9.153946759420409,9.156174199993623
2,19.19381350304108,17.426828335329766,2.3672076114885643,2.1493457225251156,9.206014049429795,9.203328339521994
3,19.62495353581684,17.82391314098347,2.429982725422626,2.2070411461158335,9.177297625425457,9.174615809995855
4,19.32126134132183,17.553675925263445,2.390178630665333,2.171341325590788,9.148395567105654,9.155688293206316
