metric,mean,ci95_lo,ci95_hi,n
facility_total_kwh_fixed,19.523288123324782,19.400440029745614,19.64613621690395,8
facility_total_kwh_mpc,17.729505988910766,17.618600294929987,17.840411682891546,8
reduction_pct,9.187869018348186,9.170497750615924,9.205240286080448,8
