seed,fifo_energy_kwh,edf_energy_kwh,fifo_wait,edf_wait,fifo_sla,edf_sla
0,17.776143534215148,17.776143534215148,0.00011347182700295723,0.00011347182700295723,0.0,0.0
1,17.78402044823164,17.78402044823164,0.00029670963157044257,0.00029670963157044257,0.0,0.0
2,17.426828335329766,17.426828335329766,0.0,0.0,0.0,0.0
3,17.82391314098347,17.82391314098347,0.0004974638487631466,0.0004974638487631466,0.0,0.0
4,17.553675925263445,17.553675925263445,0.0,0.0,0.0,0.0
