scenario,mean,ci95_lo,ci95_hi
default,9.1810535265642,9.160610130682262,9.20149692244614
high_load,9.466441809533874,9.42632968640982,9.506553932657928
heat_wave,9.1810535265642,9.160610130682262,9.20149692244614
